{"_id": {"$oid": "5cac9ae487cd8562b3b6dba6"}, "author_id": 0, "date": {"$date": 1554815716292}, "text": null}
{"_id": {"$oid": "5cac9ae587cd8562b3b6dba8"}, "author_id": 0, "date": {"$date": 1554815717629}, "text": null}
{"_id": {"$oid": "5cac9ae787cd8562b3b6dbab"}, "author_id": 0, "date": {"$date": 1554815719619}, "text": null}
{"_id": {"$oid": "5cac9ae887cd8562b3b6dbad"}, "author_id": 0, "date": {"$date": 1554815720430}, "text": null}
{"_id": {"$oid": "5cac9aee87cd8562b3b6dbb0"}, "author_id": 0, "date": {"$date": 1554815726997}, "text": null}
{"_id": {"$oid": "5cac9aef87cd8562b3b6dbb2"}, "author_id": 0, "date": {"$date": 1554815727741}, "text": null}
{"_id": {"$oid": "5cac9b3d87cd8562b3b6dbb4"}, "author_id": 0, "date": {"$date": 1554815805606}, "text": null}
{"_id": {"$oid": "5cac9f7bf4e80036b332bc7b"}, "author_id": 1, "date": {"$date": 1554816891703}, "text": "2e msg"}
{"_id": {"$oid": "5cac9f98224d1206802b6048"}, "author_id": 1, "date": {"$date": 1554816920025}, "text": "encore du text pr keraroo"}
{"_id": {"$oid": "5caca43cef76fe2e1685d831"}, "author_id": 1, "date": {"$date": 1554818108652}, "text": "message pr tester"}
{"_id": {"$oid": "5caca4f3ef76fe2e1685d837"}, "author_id": 0, "date": {"$date": 1554818291742}, "text": null}
{"_id": {"$oid": "5caca505ef76fe2e1685d83c"}, "author_id": 0, "date": {"$date": 1554818309346}, "text": null}
{"_id": {"$oid": "5caca506ef76fe2e1685d83e"}, "author_id": 0, "date": {"$date": 1554818310304}, "text": null}
{"_id": {"$oid": "5caca506ef76fe2e1685d840"}, "author_id": 0, "date": {"$date": 1554818310962}, "text": null}
{"_id": {"$oid": "5caca51eef76fe2e1685d847"}, "author_id": 0, "date": {"$date": 1554818334100}, "text": null}
{"_id": {"$oid": "5caca51eef76fe2e1685d849"}, "author_id": 0, "date": {"$date": 1554818334592}, "text": null}
{"_id": {"$oid": "5caca528ef76fe2e1685d84b"}, "author_id": 0, "date": {"$date": 1554818344938}, "text": null}
{"_id": {"$oid": "5caca539ef76fe2e1685d850"}, "author_id": 0, "date": {"$date": 1554818361237}, "text": null}
{"_id": {"$oid": "5caca540ef76fe2e1685d856"}, "author_id": 1, "date": {"$date": 1554818368827}, "text": "message pr tester"}
{"_id": {"$oid": "5caca57fef76fe2e1685d85b"}, "author_id": 0, "date": {"$date": 1554818431310}, "text": null}
{"_id": {"$oid": "5caca585ef76fe2e1685d860"}, "author_id": 0, "date": {"$date": 1554818437351}, "text": null}
{"_id": {"$oid": "5caca586ef76fe2e1685d862"}, "author_id": 0, "date": {"$date": 1554818438288}, "text": null}
{"_id": {"$oid": "5caca5afef76fe2e1685d86d"}, "author_id": 0, "date": {"$date": 1554818479083}, "text": null}
{"_id": {"$oid": "5caca5dfef76fe2e1685d871"}, "author_id": 1, "date": {"$date": 1554818527658}, "text": "encore un !"}
{"_id": {"$oid": "5caca63eef76fe2e1685d882"}, "author_id": 1, "date": {"$date": 1554818622695}, "text": "u-"}
{"_id": {"$oid": "5caca648ef76fe2e1685d885"}, "author_id": 1, "date": {"$date": 1554818632262}, "text": "u-"}
{"_id": {"$oid": "5cacac93ef76fe2e1685d893"}, "author_id": 1, "date": {"$date": 1554820243901}, "text": "--OK--"}
{"_id": {"$oid": "5cacad41ef76fe2e1685d8a2"}, "author_id": 1, "date": {"$date": 1554820417421}, "text": "abcd"}
{"_id": {"$oid": "5cacadb5ef76fe2e1685d8ab"}, "author_id": 1, "date": {"$date": 1554820533238}, "text": "'y'yy'y("}
{"_id": {"$oid": "5cacadcbef76fe2e1685d8af"}, "author_id": 1, "date": {"$date": 1554820555342}, "text": "okay"}
{"_id": {"$oid": "5cacadd7ef76fe2e1685d8b2"}, "author_id": 1, "date": {"$date": 1554820567488}, "text": "test encore"}
{"_id": {"$oid": "5cacae07ef76fe2e1685d8b6"}, "author_id": 1, "date": {"$date": 1554820615190}, "text": "oka"}
{"_id": {"$oid": "5cacae35ef76fe2e1685d8b9"}, "author_id": 1, "date": {"$date": 1554820661801}, "text": "abcdg"}
{"_id": {"$oid": "5cacae36ef76fe2e1685d8bb"}, "author_id": 1, "date": {"$date": 1554820662862}, "text": "abcdg"}
{"_id": {"$oid": "5cacae37ef76fe2e1685d8bd"}, "author_id": 1, "date": {"$date": 1554820663336}, "text": "abcdg"}
{"_id": {"$oid": "5cacae8fef76fe2e1685d8c3"}, "author_id": 1, "date": {"$date": 1554820751141}, "text": "graht"}
{"_id": {"$oid": "5cacaf47ef76fe2e1685d8c9"}, "author_id": 1, "date": {"$date": 1554820935717}, "text": "987"}
{"_id": {"$oid": "5cacaf4cef76fe2e1685d8cc"}, "author_id": 1, "date": {"$date": 1554820940941}, "text": "a"}
{"_id": {"$oid": "5cacaf56ef76fe2e1685d8ce"}, "author_id": 1, "date": {"$date": 1554820950173}, "text": "ab"}
{"_id": {"$oid": "5cacaf6cef76fe2e1685d8d1"}, "author_id": 1, "date": {"$date": 1554820972637}, "text": "c"}
{"_id": {"$oid": "5cacafc5ef76fe2e1685d8d5"}, "author_id": 1, "date": {"$date": 1554821061973}, "text": "777"}
{"_id": {"$oid": "5cacb18aef76fe2e1685d8df"}, "author_id": 1, "date": {"$date": 1554821514742}, "text": "yes"}
{"_id": {"$oid": "5cacb213ef76fe2e1685d8e5"}, "author_id": 1, "date": {"$date": 1554821651328}, "text": "abc"}
{"_id": {"$oid": "5cacb276ef76fe2e1685d8ea"}, "author_id": 1, "date": {"$date": 1554821750575}, "text": "dabnrj"}
{"_id": {"$oid": "5cacb283ef76fe2e1685d8ef"}, "author_id": 1, "date": {"$date": 1554821763339}, "text": "ab"}
{"_id": {"$oid": "5cacb2c8ef76fe2e1685d8f3"}, "author_id": 1, "date": {"$date": 1554821832165}, "text": "aa"}
{"_id": {"$oid": "5cacb2ccef76fe2e1685d8f7"}, "author_id": 1, "date": {"$date": 1554821836166}, "text": "begah"}
{"_id": {"$oid": "5cacb2d8ef76fe2e1685d8fc"}, "author_id": 1, "date": {"$date": 1554821848837}, "text": "h"}
{"_id": {"$oid": "5cacb2d8ef76fe2e1685d8ff"}, "author_id": 1, "date": {"$date": 1554821848997}, "text": "h"}
{"_id": {"$oid": "5cacb2daef76fe2e1685d902"}, "author_id": 1, "date": {"$date": 1554821850732}, "text": "h"}
{"_id": {"$oid": "5cacb2feef76fe2e1685d907"}, "author_id": 1, "date": {"$date": 1554821886653}, "text": "a"}
