{"_id": {"$oid": "5cac9ae487cd8562b3b6dba6"}, "author_id": 0, "date": {"$date": 1554815716292}, "text": null}
{"_id": {"$oid": "5cac9ae587cd8562b3b6dba8"}, "author_id": 0, "date": {"$date": 1554815717629}, "text": null}
{"_id": {"$oid": "5cac9ae787cd8562b3b6dbab"}, "author_id": 0, "date": {"$date": 1554815719619}, "text": null}
{"_id": {"$oid": "5cac9ae887cd8562b3b6dbad"}, "author_id": 0, "date": {"$date": 1554815720430}, "text": null}
{"_id": {"$oid": "5cac9aee87cd8562b3b6dbb0"}, "author_id": 0, "date": {"$date": 1554815726997}, "text": null}
{"_id": {"$oid": "5cac9aef87cd8562b3b6dbb2"}, "author_id": 0, "date": {"$date": 1554815727741}, "text": null}
{"_id": {"$oid": "5cac9b3d87cd8562b3b6dbb4"}, "author_id": 0, "date": {"$date": 1554815805606}, "text": null}
{"_id": {"$oid": "5caca4f3ef76fe2e1685d837"}, "author_id": 0, "date": {"$date": 1554818291742}, "text": null}
{"_id": {"$oid": "5caca505ef76fe2e1685d83c"}, "author_id": 0, "date": {"$date": 1554818309346}, "text": null}
{"_id": {"$oid": "5caca506ef76fe2e1685d83e"}, "author_id": 0, "date": {"$date": 1554818310304}, "text": null}
{"_id": {"$oid": "5caca506ef76fe2e1685d840"}, "author_id": 0, "date": {"$date": 1554818310962}, "text": null}
{"_id": {"$oid": "5caca51eef76fe2e1685d847"}, "author_id": 0, "date": {"$date": 1554818334100}, "text": null}
{"_id": {"$oid": "5caca51eef76fe2e1685d849"}, "author_id": 0, "date": {"$date": 1554818334592}, "text": null}
{"_id": {"$oid": "5caca528ef76fe2e1685d84b"}, "author_id": 0, "date": {"$date": 1554818344938}, "text": null}
{"_id": {"$oid": "5caca539ef76fe2e1685d850"}, "author_id": 0, "date": {"$date": 1554818361237}, "text": null}
{"_id": {"$oid": "5caca57fef76fe2e1685d85b"}, "author_id": 0, "date": {"$date": 1554818431310}, "text": null}
{"_id": {"$oid": "5caca585ef76fe2e1685d860"}, "author_id": 0, "date": {"$date": 1554818437351}, "text": null}
{"_id": {"$oid": "5caca586ef76fe2e1685d862"}, "author_id": 0, "date": {"$date": 1554818438288}, "text": null}
{"_id": {"$oid": "5caca5afef76fe2e1685d86d"}, "author_id": 0, "date": {"$date": 1554818479083}, "text": null}
{"_id": {"$oid": "5cb1b21c540a2f723c858ba5"}, "author_id": 0, "date": {"$date": 1555149340552}, "text": "hrthrt"}
{"_id": {"$oid": "5cb1b25a540a2f723c858bf1"}, "author_id": 1, "date": {"$date": 1555149402694}, "text": "Message 1"}
{"_id": {"$oid": "5cb1b25d540a2f723c858bf4"}, "author_id": 1, "date": {"$date": 1555149405867}, "text": "Message 2"}
{"_id": {"$oid": "5cb1b48a540a2f723c858c09"}, "author_id": 3, "date": {"$date": 1555149962377}, "text": "Login 3"}
{"_id": {"$oid": "5cb1b492540a2f723c858c0e"}, "author_id": 3, "date": {"$date": 1555149970261}, "text": "ggeg"}
{"_id": {"$oid": "5cb1b493540a2f723c858c11"}, "author_id": 3, "date": {"$date": 1555149971412}, "text": "\"zt\"t"}
{"_id": {"$oid": "5cb1b494540a2f723c858c14"}, "author_id": 3, "date": {"$date": 1555149972942}, "text": "\"t"}
{"_id": {"$oid": "5cb432dec562be32b9ea1c82"}, "author_id": 6, "date": {"$date": 1555313374566}, "text": "Message de login30"}
{"_id": {"$oid": "5cb595aac510b505b846fc53"}, "author_id": 1, "date": {"$date": 1555404202233}, "text": "grtngh"}
